{
  "schemaVersion": 1,
  "id": "aggressivitychanger",
  "version": "1.0.0",
  "name": "Aggressivity Changer",
  "description": "Adds an item that cycles a mob's aggressivity between Passive, Natural, Fully Aggressive and Normal. v2 persists state to NBT and uses mixins to control targeting.",
  "authors": [
    "Ahmad (via ChatGPT)"
  ],
  "entrypoints": {
    "main": [
      "com.example.aggressivity.AggressivityMod"
    ]
  },
  "mixins": [
    "aggressivitychanger.mixins.json"
  ],
  "depends": {
    "fabricloader": ">=0.14.0",
    "fabric": "*",
    "minecraft": "1.21.9"
  }
}